{
  "criteria": {
    "requirement": {
      "trigger": "minecraft:using_item",
      "conditions": {
        "player": [
          {
            "condition": "minecraft:entity_scores",
            "entity": "this",
            "scores": {
              "used_goat_horn": {
                "min": 1
              }
            }
          }
        ],
        "item": {
          "items": [
            "minecraft:goat_horn"
          ]
        }
      }
    }
  },
  "rewards": {
    "function": "raadon:glowing_effect"
  }
}
